{
  "USDAED": 3.673538,
  "USDAFN": 52.296566,
  "USDALL": 107.281666,
  "USDAMD": 409.239997,
  "USDANG": 1.789375,
  "USDAOA": 96.005534,
  "USDARS": 5.048398,
  "USDAUD": 0.980363,
  "USDAWG": 1.7902,
  "USDAZN": 0.7848,
  "USDBAM": 1.503348,
  "USDBBD": 2,
  "USDBDT": 78.867525,
  "USDBGN": 1.504326,
  "USDBHD": 0.37696,
  "USDBIF": 1533.9525,
  "USDBMD": 1,
  "USDBND": 1.240548,
  "USDBOB": 6.9866,
  "USDBRL": 1.981365,
  "USDBSD": 1,
  "USDBTC": 0.029358,
  "USDBTN": 54.856316,
  "USDBWP": 8.1457,
  "USDBYR": 8630.92,
  "USDBZD": 2.020067,
  "USDCAD": 1.026928,
  "USDCDF": 921.754257,
  "USDCHF": 0.942751,
  "USDCLF": 0.02078,
  "USDCLP": 474.74475,
  "USDCNY": 6.24454,
  "USDCOP": 1814.743738,
  "USDCRC": 499.1155,
  "USDCUP": 22.687419,
  "USDCVE": 83.410975,
  "USDCZK": 19.715525,
  "USDDJF": 177.271125,
  "USDDKK": 5.727803,
  "USDDOP": 40.705051,
  "USDDZD": 79.020637,
  "USDEEK": 11.7331,
  "USDEGP": 6.742749,
  "USDETB": 18.423387,
  "USDEUR": 0.768232,
  "USDFJD": 1.773367,
  "USDFKP": 0.66506,
  "USDGBP": 0.66506,
  "USDGEL": 1.656825,
  "USDGHS": 1.917775,
  "USDGIP": 0.625803,
  "USDGMD": 33.3501,
  "USDGNF": 7029.3525,
  "USDGTQ": 7.838625,
  "USDGYD": 202.968332,
  "USDHKD": 7.754573,
  "USDHNL": 19.851325,
  "USDHRK": 5.828386,
  "USDHTG": 42.503625,
  "USDHUF": 226.345124,
  "USDIDR": 9645.2425,
  "USDILS": 3.724687,
  "USDINR": 54.984975,
  "USDIQD": 1164.159996,
  "USDIRR": 12280.63,
  "USDISK": 124.337501,
  "USDJEP": 0.66506,
  "USDJMD": 95.339799,
  "USDJOD": 0.708145,
  "USDJPY": 93.536837,
  "USDKES": 85.907038,
  "USDKGS": 47.546167,
  "USDKHR": 3982.395,
  "USDKMF": 377.51211,
  "USDKPW": 899.91,
  "USDKRW": 1085.210001,
  "USDKWD": 0.283498,
  "USDKYD": 0.82521,
  "USDKZT": 150.688748,
  "USDLAK": 7885.0625,
  "USDLBP": 1503.43,
  "USDLKR": 127.43925,
  "USDLRD": 74.489999,
  "USDLSL": 9.050325,
  "USDLTL": 2.652926,
  "USDLVL": 0.53851,
  "USDLYD": 1.274667,
  "USDMAD": 8.53763,
  "USDMDL": 12.30715,
  "USDMGA": 2213.29,
  "USDMKD": 46.789,
  "USDMMK": 863.9125,
  "USDMNT": 1397.5,
  "USDMOP": 7.989388,
  "USDMRO": 295.402501,
  "USDMUR": 30.948263,
  "USDMVR": 15.3892,
  "USDMWK": 381.595,
  "USDMXN": 12.755163,
  "USDMYR": 3.095793,
  "USDMZN": 29.9602,
  "USDNAD": 9.04615,
  "USDNGN": 158.045001,
  "USDNIO": 24.5471,
  "USDNOK": 5.75096,
  "USDNPR": 87.870776,
  "USDNZD": 1.214048,
  "USDOMR": 0.385026,
  "USDPAB": 1,
  "USDPEN": 2.58545,
  "USDPGK": 2.07435,
  "USDPHP": 40.694375,
  "USDPKR": 98.233025,
  "USDPLN": 3.176408,
  "USDPYG": 3963.0375,
  "USDQAR": 3.640126,
  "USDRON": 3.349598,
  "USDRSD": 85.480166,
  "USDRUB": 30.709688,
  "USDRWF": 634.166358,
  "USDSAR": 3.75075,
  "USDSBD": 7.099028,
  "USDSCR": 12.369525,
  "USDSDG": 4.4142,
  "USDSEK": 6.436518,
  "USDSGD": 1.241935,
  "USDSHP": 0.66506,
  "USDSLL": 4323,
  "USDSOS": 1558.316667,
  "USDSRD": 3.28125,
  "USDSTD": 18662.335,
  "USDSVC": 8.748,
  "USDSYP": 70.697125,
  "USDSZL": 9.0517,
  "USDTHB": 29.768975,
  "USDTJS": 4.756133,
  "USDTMT": 2.85315,
  "USDTND": 1.587659,
  "USDTOP": 1.742295,
  "USDTRY": 1.798165,
  "USDTTD": 6.389075,
  "USDTWD": 29.660163,
  "USDTZS": 1621.8975,
  "USDUAH": 8.154375,
  "USDUGX": 2651.805,
  "USDUSD": 1,
  "USDUYU": 19.110775,
  "USDUZS": 2013.459993,
  "USDVEF": 4.295129,
  "USDVND": 20924.495,
  "USDVUV": 91.5,
  "USDWST": 2.286902,
  "USDXAF": 503.896798,
  "USDXCD": 2.701925,
  "USDXDR": 0.6636,
  "USDXOF": 504.015,
  "USDXPF": 91.594599,
  "USDYER": 214.850835,
  "USDZAR": 9.078078,
  "USDZMK": 5238.1625,
  "USDZMW": 5.348925,
  "USDZWL": 322.387247
}
